run_id,model_path,query_path,status,verdict,property_verdict,runtime_seconds,elapsed_seconds,wall_seconds,peak_rss_bytes,peak_working_set_bytes,sampled_peak_private_bytes
uav-p4-76-campaign-002-003-r1-n1-shared-capacity,models/F/n1/model.xml,queries/F/n1/p4/shared-capacity.q,timeout,,,62.1147066,,,,210960384,
uav-p4-76-campaign-002-004-r1-n1-u0-service,models/F/n1/model.xml,queries/F/n1/p4/u0-service.q,timeout,,,62.1187968,,,,210296832,
uav-p4-76-campaign-002-005-r1-n1-joint-backlog,models/F/n1/model.xml,queries/F/n1/p4/joint-backlog.q,success,,satisfied,1.9864936999999998,,,,47828992,
uav-p4-76-campaign-002-006-r1-n1-u0-queue-safety,models/F/n1/model.xml,queries/F/n1/p4/u0-queue-safety.q,success,,violated,10.4575651,,,,84742144,
uav-p4-76-campaign-002-007-r1-n1-family-queue-safety,models/F/n1/model.xml,queries/F/n1/p4/family-queue-safety.q,success,,violated,10.3666845,,,,85020672,
uav-p4-76-campaign-002-008-r1-n1-u0-queue-full,models/F/n1/model.xml,queries/F/n1/p4/u0-queue-full.q,success,,satisfied,8.970101699999999,,,,77533184,
uav-p4-76-campaign-002-011-r1-n2-shared-capacity,models/F/n2/model.xml,queries/F/n2/p4/shared-capacity.q,timeout,,,62.0657041,,,,121843712,
uav-p4-76-campaign-002-012-r1-n2-u0-service,models/F/n2/model.xml,queries/F/n2/p4/u0-service.q,timeout,,,62.1096363,,,,123940864,
uav-p4-76-campaign-002-013-r1-n2-u1-service,models/F/n2/model.xml,queries/F/n2/p4/u1-service.q,timeout,,,62.1034728,,,,124575744,
uav-p4-76-campaign-002-014-r1-n2-joint-backlog,models/F/n2/model.xml,queries/F/n2/p4/joint-backlog.q,success,,satisfied,9.2488728,,,,80769024,
uav-p4-76-campaign-002-015-r1-n2-u0-queue-safety,models/F/n2/model.xml,queries/F/n2/p4/u0-queue-safety.q,timeout,,,62.079115699999996,,,,123617280,
uav-p4-76-campaign-002-016-r1-n2-family-queue-safety,models/F/n2/model.xml,queries/F/n2/p4/family-queue-safety.q,timeout,,,62.094772899999995,,,,124207104,
uav-p4-76-campaign-002-017-r1-n2-u0-queue-full,models/F/n2/model.xml,queries/F/n2/p4/u0-queue-full.q,timeout,,,62.064918,,,,124039168,
uav-p4-76-campaign-002-020-r1-n3-shared-capacity,models/F/n3/model.xml,queries/F/n3/p4/shared-capacity.q,timeout,,,62.1072554,,,,163233792,
uav-p4-76-campaign-002-021-r1-n3-u0-service,models/F/n3/model.xml,queries/F/n3/p4/u0-service.q,timeout,,,62.0953276,,,,163569664,
uav-p4-76-campaign-002-022-r1-n3-u1-service,models/F/n3/model.xml,queries/F/n3/p4/u1-service.q,timeout,,,62.0635972,,,,163467264,
uav-p4-76-campaign-002-023-r1-n3-u2-service,models/F/n3/model.xml,queries/F/n3/p4/u2-service.q,timeout,,,62.070363,,,,163332096,
uav-p4-76-campaign-002-024-r1-n3-joint-backlog,models/F/n3/model.xml,queries/F/n3/p4/joint-backlog.q,success,,satisfied,27.7991571,,,,135761920,
uav-p4-76-campaign-002-025-r1-n3-u0-queue-safety,models/F/n3/model.xml,queries/F/n3/p4/u0-queue-safety.q,timeout,,,62.1329777,,,,163819520,
uav-p4-76-campaign-002-026-r1-n3-family-queue-safety,models/F/n3/model.xml,queries/F/n3/p4/family-queue-safety.q,timeout,,,62.072717399999995,,,,163266560,
uav-p4-76-campaign-002-027-r1-n3-u0-queue-full,models/F/n3/model.xml,queries/F/n3/p4/u0-queue-full.q,timeout,,,62.106548,,,,157827072,
uav-p4-76-campaign-002-030-r1-n4-shared-capacity,models/F/n4/model.xml,queries/F/n4/p4/shared-capacity.q,timeout,,,62.0855459,,,,185991168,
uav-p4-76-campaign-002-031-r1-n4-u0-service,models/F/n4/model.xml,queries/F/n4/p4/u0-service.q,timeout,,,62.0848933,,,,186130432,
uav-p4-76-campaign-002-032-r1-n4-u1-service,models/F/n4/model.xml,queries/F/n4/p4/u1-service.q,timeout,,,62.111469,,,,185339904,
uav-p4-76-campaign-002-033-r1-n4-u2-service,models/F/n4/model.xml,queries/F/n4/p4/u2-service.q,timeout,,,62.084346999999994,,,,182059008,
uav-p4-76-campaign-002-034-r1-n4-u3-service,models/F/n4/model.xml,queries/F/n4/p4/u3-service.q,timeout,,,62.090848199999996,,,,181792768,
uav-p4-76-campaign-002-035-r1-n4-joint-backlog,models/F/n4/model.xml,queries/F/n4/p4/joint-backlog.q,timeout,,,62.129565,,,,181420032,
uav-p4-76-campaign-002-036-r1-n4-u0-queue-safety,models/F/n4/model.xml,queries/F/n4/p4/u0-queue-safety.q,timeout,,,62.1891907,,,,181460992,
uav-p4-76-campaign-002-037-r1-n4-family-queue-safety,models/F/n4/model.xml,queries/F/n4/p4/family-queue-safety.q,timeout,,,62.132024599999994,,,,180817920,
uav-p4-76-campaign-002-038-r1-n4-u0-queue-full,models/F/n4/model.xml,queries/F/n4/p4/u0-queue-full.q,timeout,,,62.163017499999995,,,,181514240,
uav-p4-76-campaign-002-042-r2-n1-shared-capacity,models/F/n1/model.xml,queries/F/n1/p4/shared-capacity.q,timeout,,,62.121147799999996,,,,153518080,
uav-p4-76-campaign-002-043-r2-n1-u0-service,models/F/n1/model.xml,queries/F/n1/p4/u0-service.q,timeout,,,62.1410537,,,,147075072,
uav-p4-76-campaign-002-044-r2-n1-joint-backlog,models/F/n1/model.xml,queries/F/n1/p4/joint-backlog.q,success,,satisfied,3.2409179,,,,48173056,
uav-p4-76-campaign-002-045-r2-n1-u0-queue-safety,models/F/n1/model.xml,queries/F/n1/p4/u0-queue-safety.q,success,,violated,17.3299242,,,,84979712,
uav-p4-76-campaign-002-046-r2-n1-family-queue-safety,models/F/n1/model.xml,queries/F/n1/p4/family-queue-safety.q,success,,violated,14.4998189,,,,84996096,
uav-p4-76-campaign-002-047-r2-n1-u0-queue-full,models/F/n1/model.xml,queries/F/n1/p4/u0-queue-full.q,success,,satisfied,12.467221799999999,,,,77443072,
uav-p4-76-campaign-002-050-r2-n2-shared-capacity,models/F/n2/model.xml,queries/F/n2/p4/shared-capacity.q,timeout,,,62.1313258,,,,114307072,
uav-p4-76-campaign-002-051-r2-n2-u0-service,models/F/n2/model.xml,queries/F/n2/p4/u0-service.q,timeout,,,62.0867874,,,,115359744,
uav-p4-76-campaign-002-052-r2-n2-u1-service,models/F/n2/model.xml,queries/F/n2/p4/u1-service.q,timeout,,,62.149536399999995,,,,114249728,
uav-p4-76-campaign-002-053-r2-n2-joint-backlog,models/F/n2/model.xml,queries/F/n2/p4/joint-backlog.q,success,,satisfied,15.3348126,,,,80850944,
uav-p4-76-campaign-002-054-r2-n2-u0-queue-safety,models/F/n2/model.xml,queries/F/n2/p4/u0-queue-safety.q,timeout,,,62.1317217,,,,112332800,
uav-p4-76-campaign-002-055-r2-n2-family-queue-safety,models/F/n2/model.xml,queries/F/n2/p4/family-queue-safety.q,timeout,,,62.1792708,,,,110809088,
uav-p4-76-campaign-002-056-r2-n2-u0-queue-full,models/F/n2/model.xml,queries/F/n2/p4/u0-queue-full.q,timeout,,,62.0961606,,,,108929024,
uav-p4-76-campaign-002-059-r2-n3-shared-capacity,models/F/n3/model.xml,queries/F/n3/p4/shared-capacity.q,timeout,,,62.1104165,,,,159285248,
uav-p4-76-campaign-002-060-r2-n3-u0-service,models/F/n3/model.xml,queries/F/n3/p4/u0-service.q,timeout,,,62.102404799999995,,,,159375360,
uav-p4-76-campaign-002-061-r2-n3-u1-service,models/F/n3/model.xml,queries/F/n3/p4/u1-service.q,timeout,,,62.0628895,,,,160583680,
uav-p4-76-campaign-002-062-r2-n3-u2-service,models/F/n3/model.xml,queries/F/n3/p4/u2-service.q,timeout,,,62.248753,,,,158679040,
uav-p4-76-campaign-002-063-r2-n3-joint-backlog,models/F/n3/model.xml,queries/F/n3/p4/joint-backlog.q,success,,satisfied,58.9681631,,,,135467008,
uav-p4-76-campaign-002-064-r2-n3-u0-queue-safety,models/F/n3/model.xml,queries/F/n3/p4/u0-queue-safety.q,timeout,,,62.1234008,,,,161787904,
uav-p4-76-campaign-002-065-r2-n3-family-queue-safety,models/F/n3/model.xml,queries/F/n3/p4/family-queue-safety.q,timeout,,,62.1121968,,,,161845248,
uav-p4-76-campaign-002-066-r2-n3-u0-queue-full,models/F/n3/model.xml,queries/F/n3/p4/u0-queue-full.q,timeout,,,62.124443,,,,161611776,
uav-p4-76-campaign-002-069-r2-n4-shared-capacity,models/F/n4/model.xml,queries/F/n4/p4/shared-capacity.q,timeout,,,62.078522799999995,,,,183369728,
uav-p4-76-campaign-002-070-r2-n4-u0-service,models/F/n4/model.xml,queries/F/n4/p4/u0-service.q,timeout,,,62.1025887,,,,183726080,
uav-p4-76-campaign-002-071-r2-n4-u1-service,models/F/n4/model.xml,queries/F/n4/p4/u1-service.q,timeout,,,62.083339099999996,,,,183410688,
uav-p4-76-campaign-002-072-r2-n4-u2-service,models/F/n4/model.xml,queries/F/n4/p4/u2-service.q,timeout,,,62.1002539,,,,184872960,
uav-p4-76-campaign-002-073-r2-n4-u3-service,models/F/n4/model.xml,queries/F/n4/p4/u3-service.q,timeout,,,62.110269699999996,,,,183496704,
uav-p4-76-campaign-002-074-r2-n4-joint-backlog,models/F/n4/model.xml,queries/F/n4/p4/joint-backlog.q,timeout,,,62.0991157,,,,180879360,
uav-p4-76-campaign-002-075-r2-n4-u0-queue-safety,models/F/n4/model.xml,queries/F/n4/p4/u0-queue-safety.q,timeout,,,62.071976199999995,,,,181354496,
uav-p4-76-campaign-002-076-r2-n4-family-queue-safety,models/F/n4/model.xml,queries/F/n4/p4/family-queue-safety.q,timeout,,,62.1072096,,,,183648256,
uav-p4-76-campaign-002-077-r2-n4-u0-queue-full,models/F/n4/model.xml,queries/F/n4/p4/u0-queue-full.q,timeout,,,62.1028154,,,,182845440,
uav-p4-76-campaign-002-081-r3-n1-shared-capacity,models/F/n1/model.xml,queries/F/n1/p4/shared-capacity.q,timeout,,,62.1322384,,,,176721920,
uav-p4-76-campaign-002-082-r3-n1-u0-service,models/F/n1/model.xml,queries/F/n1/p4/u0-service.q,timeout,,,62.073955899999994,,,,181383168,
uav-p4-76-campaign-002-083-r3-n1-joint-backlog,models/F/n1/model.xml,queries/F/n1/p4/joint-backlog.q,success,,satisfied,2.7920825,,,,47980544,
uav-p4-76-campaign-002-084-r3-n1-u0-queue-safety,models/F/n1/model.xml,queries/F/n1/p4/u0-queue-safety.q,success,,violated,12.7388912,,,,84824064,
uav-p4-76-campaign-002-085-r3-n1-family-queue-safety,models/F/n1/model.xml,queries/F/n1/p4/family-queue-safety.q,success,,violated,13.1977209,,,,84590592,
uav-p4-76-campaign-002-086-r3-n1-u0-queue-full,models/F/n1/model.xml,queries/F/n1/p4/u0-queue-full.q,success,,satisfied,14.383358399999999,,,,77541376,
uav-p4-76-campaign-002-089-r3-n2-shared-capacity,models/F/n2/model.xml,queries/F/n2/p4/shared-capacity.q,timeout,,,62.138279399999995,,,,110084096,
uav-p4-76-campaign-002-090-r3-n2-u0-service,models/F/n2/model.xml,queries/F/n2/p4/u0-service.q,timeout,,,62.1694113,,,,109817856,
uav-p4-76-campaign-002-091-r3-n2-u1-service,models/F/n2/model.xml,queries/F/n2/p4/u1-service.q,timeout,,,62.1125848,,,,106692608,
uav-p4-76-campaign-002-092-r3-n2-joint-backlog,models/F/n2/model.xml,queries/F/n2/p4/joint-backlog.q,success,,satisfied,18.8037164,,,,80924672,
uav-p4-76-campaign-002-093-r3-n2-u0-queue-safety,models/F/n2/model.xml,queries/F/n2/p4/u0-queue-safety.q,timeout,,,62.1122138,,,,108228608,
uav-p4-76-campaign-002-094-r3-n2-family-queue-safety,models/F/n2/model.xml,queries/F/n2/p4/family-queue-safety.q,timeout,,,62.113461099999995,,,,106799104,
uav-p4-76-campaign-002-095-r3-n2-u0-queue-full,models/F/n2/model.xml,queries/F/n2/p4/u0-queue-full.q,timeout,,,62.094264599999995,,,,112246784,
uav-p4-76-campaign-002-098-r3-n3-shared-capacity,models/F/n3/model.xml,queries/F/n3/p4/shared-capacity.q,timeout,,,62.088617199999995,,,,155885568,
uav-p4-76-campaign-002-099-r3-n3-u0-service,models/F/n3/model.xml,queries/F/n3/p4/u0-service.q,timeout,,,62.087446199999995,,,,161968128,
uav-p4-76-campaign-002-100-r3-n3-u1-service,models/F/n3/model.xml,queries/F/n3/p4/u1-service.q,timeout,,,62.136367799999995,,,,155922432,
uav-p4-76-campaign-002-101-r3-n3-u2-service,models/F/n3/model.xml,queries/F/n3/p4/u2-service.q,timeout,,,62.1367584,,,,156643328,
uav-p4-76-campaign-002-102-r3-n3-joint-backlog,models/F/n3/model.xml,queries/F/n3/p4/joint-backlog.q,success,,satisfied,43.503478,,,,135688192,
uav-p4-76-campaign-002-103-r3-n3-u0-queue-safety,models/F/n3/model.xml,queries/F/n3/p4/u0-queue-safety.q,timeout,,,62.2845966,,,,159514624,
uav-p4-76-campaign-002-104-r3-n3-family-queue-safety,models/F/n3/model.xml,queries/F/n3/p4/family-queue-safety.q,timeout,,,62.101942599999994,,,,150245376,
uav-p4-76-campaign-002-105-r3-n3-u0-queue-full,models/F/n3/model.xml,queries/F/n3/p4/u0-queue-full.q,timeout,,,62.1054603,,,,158670848,
uav-p4-76-campaign-002-108-r3-n4-shared-capacity,models/F/n4/model.xml,queries/F/n4/p4/shared-capacity.q,timeout,,,62.1115673,,,,183324672,
uav-p4-76-campaign-002-109-r3-n4-u0-service,models/F/n4/model.xml,queries/F/n4/p4/u0-service.q,timeout,,,62.083837499999994,,,,183500800,
uav-p4-76-campaign-002-110-r3-n4-u1-service,models/F/n4/model.xml,queries/F/n4/p4/u1-service.q,timeout,,,62.0773788,,,,183332864,
uav-p4-76-campaign-002-111-r3-n4-u2-service,models/F/n4/model.xml,queries/F/n4/p4/u2-service.q,timeout,,,62.076954799999996,,,,183025664,
uav-p4-76-campaign-002-112-r3-n4-u3-service,models/F/n4/model.xml,queries/F/n4/p4/u3-service.q,timeout,,,62.074187699999996,,,,177614848,
uav-p4-76-campaign-002-113-r3-n4-joint-backlog,models/F/n4/model.xml,queries/F/n4/p4/joint-backlog.q,timeout,,,62.1043198,,,,185044992,
uav-p4-76-campaign-002-114-r3-n4-u0-queue-safety,models/F/n4/model.xml,queries/F/n4/p4/u0-queue-safety.q,timeout,,,62.1042181,,,,184606720,
uav-p4-76-campaign-002-115-r3-n4-family-queue-safety,models/F/n4/model.xml,queries/F/n4/p4/family-queue-safety.q,timeout,,,62.0905858,,,,184700928,
uav-p4-76-campaign-002-116-r3-n4-u0-queue-full,models/F/n4/model.xml,queries/F/n4/p4/u0-queue-full.q,timeout,,,62.092290399999996,,,,185421824,
001-50159654f5d640a78c70c2ce89acc81d,models/R/model.xml,queries/R/completion-safety.q,memory_limit,,,,971.8130000000001,,2148343808,,
001-64b976b5369f41c5a1942e6045ae2dbb,models/R/model.xml,queries/R/success.q,memory_limit,,,,1064.141,,2147688448,,
001-33a391bbc27441fbb3bcca150c8ff621,models/R/model.xml,queries/R/completion-safety.q,timeout,,,,600.891,,1493688320,,
001-a0994dab2dd5419a89ab745b4478789c,models/R/model.xml,queries/R/success.q,error,,,,70.84400000000005,,298541056,,
uav-br89-q2-001,models/Hnom/model.xml,queries/bounded-response/Q2.q,timeout,,,,,178.01499999999942,316448768,,
uav-br89-q3-001,models/Hnom/model.xml,queries/bounded-response/Q3.q,timeout,,,,,178.0309999999954,296382464,,
uav-br89-q4-001,models/Hnom/model.xml,queries/bounded-response/Q4.q,success,False,,,,0.4219999999986612,49922048,,
uav-br89-q5-001,models/Hnom/model.xml,queries/bounded-response/Q5.q,timeout,,,,,178.0,261935104,,
uav-br89-q6-001,models/S/model.xml,queries/bounded-response/Q6.q,success,False,,,,0.7659999999959837,68505600,,
uav-br89-q1-001,models/Hnom/model.xml,queries/bounded-response/Q1.q,error,,,,,0.35899999999674037,43433984,,
001-7db6f8bb83e7423083211d1b04324754,models/S/model.xml,queries/S/admitted.q,timeout,,,,601.0388965000002,,1024278528,,
001-a58e30073ead4b3bb01f3fcde5d8faf5,models/S/model.xml,queries/S/measurement.q,timeout,,,,600.6039708000003,,1012174848,,
001-1159501368734c50befdcaeea8aa005d,models/S/model.xml,queries/S/enqueue.q,timeout,,,,600.9599769000001,,1017683968,,
001-a1bb1f3b6f974f298c6acf6b3ac8b0b0,models/S/model.xml,queries/S/attempt.q,timeout,,,,601.0337728000004,,1004986368,,
001-0351367789d74b8fbaf852e2812eabf2,models/S/model.xml,queries/S/success.q,timeout,,,,600.7920977000003,,1018753024,,
001-e359291918d54949bb2c4ef397052d24,models/S/model.xml,queries/S/loss.q,timeout,,,,600.6074797000001,,1024679936,,
001-26531eb3e3534412bc8a75d126b4fa6c,models/S/model.xml,queries/S/timeout.q,timeout,,,,600.4676330999991,,1029988352,,
001-7a12f00c2a3b48998f7c8dabdb2d74de,models/S/model.xml,queries/S/cancel.q,timeout,,,,600.4278673999997,,1013628928,,
001-f7e594c5d5514974acfef99d2ec1715e,models/S/model.xml,queries/S/deadline-equality.q,timeout,,,,600.1930379000005,,905400320,,
001-e50441afd4e947d7a1aae37356e9656d,models/S/model.xml,queries/S/completion-safety.q,timeout,,,,600.5930649000002,,943378432,,
001-6db8d39b7eb14af79e4a2c093acfc41e,models/S/model.xml,queries/S/deadlock.q,timeout,,,,600.7600478000004,,534618112,,
simulate-006,models/S/model.xml,,goal_reached,,,,8.7299545,,,,
replay-001,models/S/model.xml,,replay_complete,,,,11.7128538,,,,
negative-discrete-001,models/S/model.xml,,rejected,,,,11.5003219,,,,
negative-clock-001,models/S/model.xml,,rejected,,,,11.6740441,,,,
01-C01-deadlock,models/H/model.xml,queries/H/01-C01-deadlock.q,timeout,,,60.0385989,,,,155070464,184176640
02-C01-queue,models/H/model.xml,queries/H/02-C01-queue.q,success,False,,19.4386224,,,,191803392,249044992
03-C01-attempts,models/H/model.xml,queries/H/03-C01-attempts.q,timeout,,,60.076729099999994,,,,202436608,232419328
04-attempt-protocol,models/H/model.xml,queries/H/04-attempt-protocol.q,timeout,,,60.0368772,,,,201420800,230776832
05-C02-ack-elapsed,models/H/model.xml,queries/H/05-C02-ack-elapsed.q,timeout,,,60.0804098,,,,201826304,231956480
06-queue-full,models/H/model.xml,queries/H/06-queue-full.q,success,True,,17.2232517,,,,174866432,225304576
07-queue-overflow,models/H/model.xml,queries/H/07-queue-overflow.q,success,True,,22.2454948,,,,191811584,249044992
08-attempt-start,models/H/model.xml,queries/H/08-attempt-start.q,timeout,,,60.057111899999995,,,,190873600,220495872
09-attempt-primary,models/H/model.xml,queries/H/09-attempt-primary.q,timeout,,,60.0246594,,,,189181952,218796032
10-attempt-rollback,models/H/model.xml,queries/H/10-attempt-rollback.q,timeout,,,60.0335897,,,,187670528,217153536
11-attempt-two,models/H/model.xml,queries/H/11-attempt-two.q,timeout,,,60.0579652,,,,193191936,222920704
12-ack-start,models/H/model.xml,queries/H/12-ack-start.q,success,True,,11.2588259,,,,133681152,170000384
13-ack-timeout,models/H/model.xml,queries/H/13-ack-timeout.q,timeout,,,60.088618499999995,,,,183836672,213372928
14-ack-unconditional-completion,models/H/model.xml,queries/H/14-ack-unconditional-completion.q,success,False,,9.9051675,,,,134987776,171728896
